{
  "IcoMoonType": "selection",
  "icons": [
    {
      "icon": {
        "paths": [
          "M336.998 621.619c-13.875 13.722-36.301 13.722-50.074 0s-13.926-35.891 0-49.613l200.090-196.096c13.824-13.722 36.198-13.722 50.125 0l200.090 196.096c13.824 13.67 13.824 35.891 0 49.613-13.875 13.722-36.301 13.722-50.125 0l-175.104-160.819-175.002 160.819z"
        ],
        "attrs": [
          {}
        ],
        "isMulticolor": false,
        "isMulticolor2": false,
        "tags": [
          "chevron-small-up"
        ],
        "grid": 20
      },
      "attrs": [
        {}
      ],
      "properties": {
        "order": 1,
        "id": 3,
        "prevSize": 20,
        "code": 59664,
        "name": "chevron-up"
      },
      "setIdx": 0,
      "setId": 1,
      "iconIdx": 0
    },
    {
      "icon": {
        "paths": [
          "M563.2 512l-160.819-175.104c-13.722-13.824-13.722-36.198 0-50.074 13.722-13.824 35.891-13.824 49.613 0l196.096 200.090c13.722 13.875 13.722 36.301 0 50.125l-196.096 200.090c-13.67 13.926-35.891 13.824-49.613 0-13.722-13.773-13.722-36.198 0-50.074l160.819-175.053z"
        ],
        "attrs": [
          {}
        ],
        "isMulticolor": false,
        "isMulticolor2": false,
        "tags": [
          "chevron-small-right"
        ],
        "grid": 20
      },
      "attrs": [
        {}
      ],
      "properties": {
        "order": 2,
        "id": 2,
        "prevSize": 20,
        "code": 59665,
        "name": "chevron-right"
      },
      "setIdx": 0,
      "setId": 1,
      "iconIdx": 1
    },
    {
      "icon": {
        "paths": [
          "M621.619 687.002c13.722 13.875 13.722 36.301 0 50.074-13.722 13.824-35.891 13.926-49.613 0l-196.096-200.090c-13.722-13.824-13.722-36.198 0-50.125l196.096-200.090c13.67-13.824 35.891-13.824 49.613 0 13.722 13.875 13.722 36.301 0 50.074l-160.819 175.155 160.819 175.002z"
        ],
        "attrs": [
          {}
        ],
        "isMulticolor": false,
        "isMulticolor2": false,
        "tags": [
          "chevron-small-left"
        ],
        "grid": 20
      },
      "attrs": [
        {}
      ],
      "properties": {
        "order": 3,
        "id": 1,
        "prevSize": 20,
        "code": 59666,
        "name": "chevron-left"
      },
      "setIdx": 0,
      "setId": 1,
      "iconIdx": 2
    },
    {
      "icon": {
        "paths": [
          "M687.002 402.381c13.875-13.722 36.301-13.722 50.074 0 13.824 13.722 13.926 35.891 0 49.613l-200.090 196.096c-13.824 13.722-36.198 13.722-50.125 0l-200.090-196.096c-13.824-13.67-13.824-35.891 0-49.613 13.875-13.722 36.301-13.722 50.074 0l175.155 160.819 175.002-160.819z"
        ],
        "attrs": [
          {}
        ],
        "isMulticolor": false,
        "isMulticolor2": false,
        "tags": [
          "chevron-small-down"
        ],
        "grid": 20
      },
      "attrs": [
        {}
      ],
      "properties": {
        "order": 4,
        "id": 0,
        "prevSize": 20,
        "code": 59667,
        "name": "chevron-down"
      },
      "setIdx": 0,
      "setId": 1,
      "iconIdx": 3
    },
    {
      "icon": {
        "paths": [
          "M896 307.2h-768c-14.138 0-25.6-11.462-25.6-25.6s11.462-25.6 25.6-25.6h768c14.139 0 25.6 11.462 25.6 25.6s-11.461 25.6-25.6 25.6z",
          "M896 563.2h-768c-14.138 0-25.6-11.461-25.6-25.6s11.462-25.6 25.6-25.6h768c14.139 0 25.6 11.461 25.6 25.6s-11.461 25.6-25.6 25.6z",
          "M896 819.2h-768c-14.138 0-25.6-11.461-25.6-25.6s11.462-25.6 25.6-25.6h768c14.139 0 25.6 11.461 25.6 25.6s-11.461 25.6-25.6 25.6z"
        ],
        "attrs": [
          {},
          {},
          {}
        ],
        "isMulticolor": false,
        "isMulticolor2": false,
        "tags": [
          "menu",
          "options",
          "list"
        ],
        "grid": 20
      },
      "attrs": [
        {},
        {},
        {}
      ],
      "properties": {
        "order": 1,
        "id": 22,
        "name": "menu",
        "prevSize": 20,
        "code": 59668
      },
      "setIdx": 1,
      "setId": 0,
      "iconIdx": 0
    },
    {
      "icon": {
        "paths": [
          "M857.576 1024.691c-30.816 0-59.853-11.904-81.762-33.522-0.038-0.038-0.080-0.080-0.118-0.118l-394.73-394.683c-31.674 11.974-65.019 18.032-99.366 18.032-155.275 0-281.6-126.325-281.6-281.6 0-40.387 8.378-79.389 24.899-115.923 3.464-7.659 10.466-13.13 18.733-14.635 8.267-1.51 16.75 1.139 22.694 7.082l149.077 149.077h91.797v-91.797l-149.458-149.458c-5.942-5.942-8.59-14.426-7.083-22.694 1.507-8.267 6.978-15.27 14.637-18.733 35.467-16.040 75.685-24.518 116.304-24.518 155.275 0 281.6 126.325 281.6 281.6 0 33.936-6.139 67.198-18.275 99.122l394.469 394.47c22.027 21.771 34.224 50.79 34.344 81.72 0.12 30.88-11.803 60.038-33.576 82.104-21.936 22.232-51.264 34.475-82.586 34.475zM811.826 954.771c12.259 12.072 28.504 18.718 45.752 18.718 17.514 0 33.901-6.832 46.141-19.235 12.205-12.368 18.89-28.685 18.821-45.941-0.067-17.235-6.878-33.411-19.178-45.549-0.040-0.038-0.082-0.080-0.12-0.12l-406.626-406.624c-7.533-7.533-9.613-18.944-5.222-28.651 13.674-30.234 20.606-62.051 20.606-94.57 0-127.043-103.357-230.4-230.4-230.4-20.058 0-39.941 2.49-58.886 7.31l128.189 128.189c4.8 4.8 7.498 11.312 7.498 18.101v128c0 14.138-11.462 25.6-25.6 25.6h-128c-6.79 0-13.301-2.698-18.101-7.498l-127.986-127.984c-4.995 19.003-7.514 38.629-7.514 58.682 0 127.043 103.357 230.4 230.4 230.4 33.066 0 64.97-6.846 94.827-20.35 9.707-4.39 21.117-2.31 28.65 5.222l406.749 406.699z"
        ],
        "attrs": [
          {}
        ],
        "isMulticolor": false,
        "isMulticolor2": false,
        "tags": [
          "wrench",
          "tool",
          "settings",
          "fix"
        ],
        "grid": 20
      },
      "attrs": [
        {}
      ],
      "properties": {
        "order": 1,
        "id": 21,
        "name": "wrench",
        "prevSize": 20,
        "code": 59669
      },
      "setIdx": 1,
      "setId": 0,
      "iconIdx": 1
    },
    {
      "icon": {
        "paths": [
          "M537.6 1024h-460.8c-42.347 0-76.8-34.451-76.8-76.8v-716.8c0-42.347 34.453-76.8 76.8-76.8h460.8c42.349 0 76.8 34.453 76.8 76.8v716.8c0 42.349-34.451 76.8-76.8 76.8zM76.8 204.8c-14.115 0-25.6 11.485-25.6 25.6v716.8c0 14.115 11.485 25.6 25.6 25.6h460.8c14.115 0 25.6-11.485 25.6-25.6v-716.8c0-14.115-11.485-25.6-25.6-25.6h-460.8z",
          "M435.2 512h-256c-42.347 0-76.8-34.453-76.8-76.8v-102.4c0-42.347 34.453-76.8 76.8-76.8h256c42.347 0 76.8 34.453 76.8 76.8v102.4c0 42.347-34.453 76.8-76.8 76.8zM179.2 307.2c-14.115 0-25.6 11.485-25.6 25.6v102.4c0 14.115 11.485 25.6 25.6 25.6h256c14.115 0 25.6-11.485 25.6-25.6v-102.4c0-14.115-11.485-25.6-25.6-25.6h-256z",
          "M929.099 201.694l-117.392-117.39c-0.002-0.002-0.003-0.003-0.005-0.005s-0.003-0.003-0.005-0.005l-14.992-14.992c-23.552-23.554-67.741-46.294-100.598-51.771l-103.098-17.182c-13.947-2.323-27.138 7.098-29.461 21.043-2.325 13.946 7.098 27.136 21.042 29.461l103.098 17.182c21.198 3.533 52.458 19.165 69.616 34.459l-22.402 22.4c-29.944 29.944-29.944 78.667 0 108.611l29.994 29.992c14.464 14.466 33.75 22.432 54.304 22.432s39.84-7.966 54.304-22.432l22.366-22.366c13.808 16.139 25.73 46.235 25.73 66.069v486.4c0 42.349-34.451 76.8-76.8 76.8s-76.8-34.451-76.8-76.8v-358.4c0-42.347-34.451-76.8-76.8-76.8h-25.6v-25.6c0-14.138-11.461-25.6-25.6-25.6s-25.6 11.462-25.6 25.6v102.4c0 14.138 11.461 25.6 25.6 25.6s25.6-11.462 25.6-25.6v-25.6h25.6c14.115 0 25.6 11.485 25.6 25.6v358.4c0 70.579 57.421 128 128 128s128-57.421 128-128v-486.4c0-35.234-18.787-80.59-43.701-105.506zM819.2 234.73c-6.878 0-13.306-2.64-18.101-7.435l-29.994-29.992c-9.981-9.982-9.981-26.222 0-36.203l22.494-22.496 66.197 66.197-22.496 22.496c-4.795 4.794-11.222 7.434-18.101 7.434z"
        ],
        "attrs": [
          {},
          {},
          {}
        ],
        "isMulticolor": false,
        "isMulticolor2": false,
        "tags": [
          "gas",
          "fuel"
        ],
        "grid": 20
      },
      "attrs": [
        {},
        {},
        {}
      ],
      "properties": {
        "order": 1,
        "id": 20,
        "name": "fuel",
        "prevSize": 20,
        "code": 59670
      },
      "setIdx": 1,
      "setId": 0,
      "iconIdx": 2
    },
    {
      "icon": {
        "paths": [
          "M990.901 929.099l-365.898-365.899 329.696-329.694c29.944-29.944 29.944-78.667 0-108.611l-55.595-55.592c-14.464-14.466-33.75-22.432-54.304-22.432s-39.84 7.966-54.304 22.432l-329.696 329.694-365.899-365.898c-16.656-16.659-40.005-21.624-60.931-12.957-20.954 8.68-33.97 28.73-33.97 52.326v874.731c0 42.349 34.453 76.8 76.8 76.8h874.731c23.597 0 43.646-13.018 52.325-33.97 8.669-20.926 3.706-44.274-12.955-60.931zM332.8 716.8h128c6.79 0 13.301-2.698 18.102-7.499l7.498-7.499 117.397 117.398h-373.397c-14.115 0-25.6-11.485-25.6-25.6v-373.397l117.397 117.397-7.499 7.499c-4.8 4.8-7.498 11.312-7.498 18.101v128c0 14.139 11.462 25.6 25.6 25.6zM450.197 665.6h-91.797v-91.795l409.6-409.602 91.797 91.797-409.6 409.6zM844.8 98.070c6.878 0 13.306 2.64 18.101 7.435l55.594 55.592c9.981 9.982 9.981 26.222 0 36.203l-22.494 22.496-91.797-91.797 22.496-22.494c4.795-4.795 11.222-7.435 18.101-7.435zM956.555 970.435c-0.81 1.955-3.178 2.365-5.024 2.365h-874.731c-14.115 0-25.6-11.485-25.6-25.6v-76.8h25.6c14.138 0 25.6-11.461 25.6-25.6s-11.462-25.6-25.6-25.6h-25.6v-102.4h25.6c14.138 0 25.6-11.461 25.6-25.6s-11.462-25.6-25.6-25.6h-25.6v-102.4h25.6c14.138 0 25.6-11.461 25.6-25.6s-11.462-25.6-25.6-25.6h-25.6v-102.4h25.6c14.138 0 25.6-11.462 25.6-25.6s-11.462-25.6-25.6-25.6h-25.6v-285.931c0-1.845 0.41-4.216 2.363-5.024 1.918-0.794 3.85 0.571 5.134 1.856l365.899 365.899-66.197 66.197-124.894-124.894c-24.395-24.394-45.518-19.37-53.467-16.078s-26.438 14.675-26.438 49.176v384c0 42.347 34.453 76.8 76.8 76.8h384c34.499 0 45.883-18.49 49.176-26.438s8.317-29.072-16.078-53.466l-124.894-124.896 66.197-66.197 365.899 365.899c1.283 1.285 2.65 3.218 1.856 5.133z"
        ],
        "attrs": [
          {}
        ],
        "isMulticolor": false,
        "isMulticolor2": false,
        "tags": [
          "pencil-ruler",
          "design",
          "geometry",
          "measurement"
        ],
        "grid": 20
      },
      "attrs": [
        {}
      ],
      "properties": {
        "order": 1,
        "id": 19,
        "prevSize": 20,
        "code": 59671,
        "name": "pencil-ruler"
      },
      "setIdx": 1,
      "setId": 0,
      "iconIdx": 3
    },
    {
      "icon": {
        "paths": [
          "M998.4 768h-409.6c-14.139 0-25.6-11.461-25.6-25.6s11.461-25.6 25.6-25.6h409.6c14.139 0 25.6 11.461 25.6 25.6s-11.461 25.6-25.6 25.6z",
          "M947.2 512h-435.2c-84.696 0-153.6-68.904-153.6-153.6s68.904-153.6 153.6-153.6c75.946 0 141.309 56.586 152.042 131.622 2.002 13.997 14.978 23.717 28.966 21.717 13.995-2.002 23.718-14.971 21.717-28.966-6.914-48.333-31.059-92.73-67.99-125.013-37.296-32.605-85.146-50.56-134.734-50.56-112.928 0-204.8 91.872-204.8 204.8 0 61.109 26.912 116.043 69.498 153.6h-248.698c-42.347 0-76.8-34.453-76.8-76.8s34.453-76.8 76.8-76.8c27.334 0 52.83 14.72 66.539 38.414 7.078 12.237 22.739 16.421 34.978 9.339 12.238-7.080 16.419-22.739 9.339-34.978-22.829-39.462-65.307-63.976-110.856-63.976-70.579 0-128 57.421-128 128s57.421 128 128 128h819.2c14.139 0 25.6-11.461 25.6-25.6s-11.461-25.6-25.6-25.6z",
          "M230.4 870.4c-70.579 0-128-57.421-128-128s57.421-128 128-128h563.2c14.139 0 25.6 11.461 25.6 25.6s-11.461 25.6-25.6 25.6h-563.2c-42.347 0-76.8 34.453-76.8 76.8s34.453 76.8 76.8 76.8c27.336 0 52.834-14.72 66.542-38.418 7.080-12.237 22.738-16.419 34.979-9.341 12.238 7.080 16.419 22.741 9.339 34.978-22.83 39.466-65.31 63.981-110.861 63.981z"
        ],
        "attrs": [
          {},
          {},
          {}
        ],
        "isMulticolor": false,
        "isMulticolor2": false,
        "tags": [
          "wind",
          "weather",
          "airflow",
          "blow",
          "flow"
        ],
        "grid": 20
      },
      "attrs": [
        {},
        {},
        {}
      ],
      "properties": {
        "order": 1,
        "id": 18,
        "name": "wind",
        "prevSize": 20,
        "code": 59672
      },
      "setIdx": 1,
      "setId": 0,
      "iconIdx": 4
    },
    {
      "icon": {
        "paths": [
          "M332.781 1024.006c-3.848 0-7.754-0.872-11.429-2.709-12.646-6.322-17.771-21.699-11.45-34.346l102.4-204.8c6.322-12.646 21.699-17.77 34.346-11.448s17.771 21.699 11.45 34.346l-102.4 204.8c-4.485 8.97-13.528 14.157-22.917 14.157z",
          "M76.776 921.603c-4.88 0-9.811-1.392-14.176-4.302-11.765-7.842-14.942-23.736-7.101-35.501l102.4-153.6c7.843-11.766 23.736-14.946 35.501-7.101 11.765 7.842 14.942 23.736 7.101 35.501l-102.4 153.6c-4.933 7.4-13.053 11.403-21.325 11.403z",
          "M921.6 128c0-42.347-34.451-76.8-76.8-76.8-41.102 0-74.762 32.456-76.706 73.085l-442.65 132.795c-13.542 4.062-21.227 18.334-17.165 31.877 3.326 11.090 13.498 18.251 24.51 18.251 2.435 0 4.914-0.35 7.366-1.086l442.69-132.806c0.17 0.234 0.334 0.474 0.509 0.706l-267.054 400.579c-7.843 11.765-4.664 27.658 7.101 35.501 4.365 2.91 9.298 4.302 14.176 4.302 8.272 0 16.39-4.003 21.323-11.403l231.179-346.768-72.67 327.016c-3.067 13.802 5.635 27.477 19.437 30.544 1.87 0.416 3.738 0.616 5.576 0.616 11.734 0 22.315-8.122 24.966-20.053l86.698-390.134c37.982-4.605 67.514-37.019 67.514-76.221zM844.8 153.6c-14.115 0-25.6-11.485-25.6-25.6s11.485-25.6 25.6-25.6 25.6 11.485 25.6 25.6-11.485 25.6-25.6 25.6z",
          "M595.331 281.592c9.184 8.322 18.354 16.859 27.49 25.605z",
          "M622.818 332.797c-6.366 0-12.739-2.358-17.699-7.107-8.875-8.496-17.952-16.949-26.976-25.126-10.478-9.494-11.275-25.683-1.781-36.16s25.682-11.274 36.16-1.782c9.37 8.491 18.79 17.266 28.002 26.083 10.214 9.776 10.568 25.982 0.79 36.195-5.027 5.253-11.757 7.898-18.496 7.898z",
          "M866.366 576.794c-6.629-12.486-22.126-17.237-34.616-10.606-12.488 6.63-17.235 22.128-10.606 34.616 50.043 94.258 62.458 171.485 32.4 201.544-26.446 26.446-90.040 20.173-170.115-16.784-90.242-41.65-191.677-116.323-285.618-210.264-93.941-93.942-168.614-195.378-210.264-285.618-36.955-80.074-43.23-143.669-16.781-170.117 20.837-20.838 59.694-17.856 88.619-11.683 45.965 9.806 102.059 34.939 162.219 72.68 11.979 7.514 27.778 3.896 35.291-8.082 7.514-11.976 3.896-27.776-8.082-35.29-65.178-40.888-126.987-68.338-178.744-79.381-74.901-15.979-115.030 5.075-135.507 25.552-35.57 35.57-59.965 80.806-72.502 134.453-11.891 50.877-12.536 106.75-1.915 166.067 21.782 121.648 88.234 243.098 187.109 341.976 22.349 22.349 46.216 43.35 70.938 62.421 4.658 3.592 10.158 5.331 15.618 5.331 7.664 0 15.245-3.429 20.288-9.966 8.635-11.194 6.562-27.27-4.634-35.906-22.994-17.736-45.2-37.278-66.005-58.083-91.549-91.552-152.957-203.349-172.914-314.798-9.296-51.91-8.634-100.864 1.275-144.008 6.291 24.858 16.045 51.694 29.242 80.29 44.117 95.587 122.442 202.259 220.547 300.366 98.104 98.104 204.776 176.43 300.366 220.549 29.003 13.386 56.202 23.232 81.357 29.512-64.429 15.106-141.578 8.894-222.829-19.68-13.339-4.691-27.952 2.318-32.642 15.658-4.691 13.338 2.32 27.952 15.658 32.642 30.136 10.598 60.304 18.426 89.966 23.469l21.614 90.685c2.803 11.758 13.299 19.67 24.882 19.67 1.966 0 3.963-0.229 5.958-0.702 13.754-3.278 22.243-17.085 18.966-30.838l-17.33-72.706c7.813 0.421 15.568 0.656 23.245 0.656 15.674 0 31.050-0.882 46.022-2.654 69.531-8.234 129.322-35.624 172.907-79.21 48.685-48.693 40.382-141.653-23.386-261.76z"
        ],
        "attrs": [
          {},
          {},
          {},
          {},
          {},
          {}
        ],
        "isMulticolor": false,
        "isMulticolor2": false,
        "tags": [
          "satellite",
          "antenna",
          "radar"
        ],
        "grid": 20
      },
      "attrs": [
        {},
        {},
        {},
        {},
        {},
        {}
      ],
      "properties": {
        "order": 1,
        "id": 17,
        "prevSize": 20,
        "code": 59673,
        "name": "satellite-receiver"
      },
      "setIdx": 1,
      "setId": 0,
      "iconIdx": 5
    },
    {
      "icon": {
        "paths": [
          "M486.4 772.33c-20.554 0-39.84-7.966-54.306-22.43l-132.394-132.395c-14.466-14.464-22.432-33.75-22.432-54.304s7.966-39.84 22.434-54.306l234.794-234.792c14.464-14.466 33.75-22.432 54.304-22.432s39.84 7.966 54.304 22.432l132.394 132.392c29.942 29.946 29.942 78.667 0.002 108.611l-234.795 234.794c-14.466 14.466-33.75 22.43-54.304 22.43zM588.8 302.87c-6.878 0-13.306 2.64-18.101 7.435l-234.794 234.794c-4.795 4.795-7.435 11.224-7.435 18.101s2.64 13.306 7.435 18.099l132.394 132.395c4.795 4.794 11.224 7.434 18.101 7.434s13.306-2.64 18.101-7.434l234.795-234.792c9.979-9.981 9.979-26.224-0.002-36.205l-132.392-132.39c-4.797-4.797-11.224-7.437-18.102-7.437z",
          "M281.6 486.4c-6.552 0-13.102-2.499-18.101-7.499l-204.8-204.8c-9.998-9.997-9.998-26.206 0-36.203l204.8-204.8c9.997-9.998 26.206-9.998 36.203 0l204.8 204.8c9.998 9.997 9.998 26.206 0 36.203s-26.206 9.998-36.203 0l-186.699-186.698-168.597 168.597 186.698 186.699c9.998 9.997 9.998 26.206 0 36.203-4.998 4.998-11.549 7.498-18.101 7.498z",
          "M793.6 998.4c-6.552 0-13.102-2.499-18.101-7.499l-204.8-204.8c-9.998-9.997-9.998-26.206 0-36.203 9.997-9.997 26.206-9.997 36.203 0l186.698 186.699 168.597-168.597-186.698-186.699c-9.998-9.997-9.998-26.206 0-36.203s26.206-9.997 36.203 0l204.8 204.8c9.998 9.997 9.998 26.206 0 36.203l-204.8 204.8c-5 5-11.55 7.499-18.102 7.499z",
          "M870.4 358.4h-76.8c-14.139 0-25.6-11.462-25.6-25.6s11.461-25.6 25.6-25.6h66.197l-142.997-142.995v66.195c0 14.138-11.461 25.6-25.6 25.6s-25.6-11.462-25.6-25.6v-76.8c0-34.501 18.49-45.883 26.438-49.176 7.946-3.293 29.070-8.32 53.466 16.078l157.994 157.992c24.395 24.397 19.37 45.518 16.078 53.467s-14.677 26.438-49.176 26.438z",
          "M358.4 819.2c-6.552 0-13.102-2.499-18.101-7.499l-102.4-102.4c-9.998-9.997-9.998-26.206 0-36.203 9.997-9.997 26.206-9.997 36.203 0l102.4 102.4c9.998 9.997 9.998 26.206 0 36.203-5 5-11.55 7.499-18.102 7.499z",
          "M307.2 921.6c-6.552 0-13.102-2.499-18.101-7.499l-153.6-153.6c-9.998-9.997-9.998-26.206 0-36.203 9.997-9.997 26.206-9.997 36.203 0l153.6 153.6c9.998 9.997 9.998 26.206 0 36.203-5 5-11.55 7.499-18.102 7.499z",
          "M256 1024c-6.552 0-13.102-2.499-18.102-7.499l-204.8-204.8c-9.997-9.997-9.997-26.206 0-36.203s26.206-9.997 36.205 0l204.8 204.8c9.997 9.997 9.997 26.206 0 36.203-5 5-11.55 7.499-18.102 7.499z"
        ],
        "attrs": [
          {},
          {},
          {},
          {},
          {},
          {},
          {}
        ],
        "isMulticolor": false,
        "isMulticolor2": false,
        "tags": [
          "satellite",
          "gps",
          "navigation",
          "space"
        ],
        "grid": 20
      },
      "attrs": [
        {},
        {},
        {},
        {},
        {},
        {},
        {}
      ],
      "properties": {
        "order": 1,
        "id": 16,
        "name": "satellite",
        "prevSize": 20,
        "code": 59674
      },
      "setIdx": 1,
      "setId": 0,
      "iconIdx": 6
    },
    {
      "icon": {
        "paths": [
          "M486.4 51.2c-14.138 0-25.6 11.462-25.6 25.6v204.8c0 14.138 11.462 25.6 25.6 25.6s25.6-11.462 25.6-25.6v-204.8c0-14.138-11.462-25.6-25.6-25.6z",
          "M486.4 768c-14.138 0-25.6 11.461-25.6 25.6v204.8c0 14.139 11.462 25.6 25.6 25.6s25.6-11.461 25.6-25.6v-204.8c0-14.139-11.462-25.6-25.6-25.6z",
          "M256 537.6c0-14.139-11.462-25.6-25.6-25.6h-204.8c-14.138 0-25.6 11.461-25.6 25.6s11.462 25.6 25.6 25.6h204.8c14.138 0 25.6-11.461 25.6-25.6z",
          "M947.2 512h-204.8c-14.139 0-25.6 11.461-25.6 25.6s11.461 25.6 25.6 25.6h204.8c14.139 0 25.6-11.461 25.6-25.6s-11.461-25.6-25.6-25.6z",
          "M829.95 460.811c-11.034 0-21.218-7.19-24.525-18.304-32.162-108.062-115.875-191.774-223.936-223.931-13.552-4.034-21.267-18.286-17.234-31.838 4.032-13.554 18.29-21.267 31.837-17.235 60.787 18.090 116.75 51.482 161.835 96.566s78.478 101.046 96.568 161.834c4.034 13.55-3.683 27.805-17.234 31.838-2.434 0.726-4.894 1.070-7.312 1.070z",
          "M588.789 906.766c-11.034 0-21.218-7.189-24.525-18.302-4.034-13.552 3.683-27.806 17.234-31.838 108.056-32.162 191.766-115.87 223.925-223.925 4.034-13.554 18.291-21.267 31.837-17.234 13.552 4.034 21.267 18.288 17.234 31.837-18.090 60.784-51.482 116.744-96.565 161.829-45.085 45.083-101.042 78.475-161.827 96.566-2.434 0.722-4.893 1.067-7.312 1.067z",
          "M384.013 906.766c-2.419 0-4.875-0.346-7.312-1.070-60.784-18.090-116.742-51.48-161.826-96.563s-78.477-101.038-96.566-161.822c-4.034-13.552 3.682-27.806 17.234-31.838 13.547-4.035 27.805 3.682 31.838 17.234 32.162 108.051 115.87 191.76 223.925 223.918 13.55 4.034 21.267 18.288 17.234 31.838-3.307 11.114-13.494 18.304-24.526 18.304z",
          "M142.853 460.806c-2.418 0-4.875-0.346-7.312-1.070-13.55-4.034-21.267-18.288-17.234-31.838 18.091-60.784 51.482-116.742 96.566-161.827 45.083-45.083 101.042-78.475 161.826-96.566 13.554-4.030 27.805 3.683 31.838 17.234s-3.683 27.805-17.234 31.838c-108.056 32.158-191.765 115.869-223.923 223.925-3.31 11.115-13.496 18.306-24.528 18.306z"
        ],
        "attrs": [
          {},
          {},
          {},
          {},
          {},
          {},
          {},
          {}
        ],
        "isMulticolor": false,
        "isMulticolor2": false,
        "tags": [
          "aim",
          "target",
          "shoot"
        ],
        "grid": 20
      },
      "attrs": [
        {},
        {},
        {},
        {},
        {},
        {},
        {},
        {}
      ],
      "properties": {
        "order": 1,
        "id": 15,
        "prevSize": 20,
        "code": 59648,
        "name": "aim"
      },
      "setIdx": 1,
      "setId": 0,
      "iconIdx": 7
    },
    {
      "icon": {
        "paths": [
          "M512 1024c-136.76 0-265.334-53.258-362.038-149.962s-149.962-225.278-149.962-362.038c0-136.76 53.258-265.334 149.962-362.038s225.278-149.962 362.038-149.962c136.76 0 265.334 53.258 362.038 149.962s149.962 225.278 149.962 362.038c0 136.76-53.258 265.334-149.962 362.038s-225.278 149.962-362.038 149.962zM512 51.2c-254.086 0-460.8 206.714-460.8 460.8s206.714 460.8 460.8 460.8 460.8-206.714 460.8-460.8-206.714-460.8-460.8-460.8z",
          "M252.982 881.917l153.328-443.923 364.709-295.909-153.328 443.922-364.709 295.91zM449.928 468.536l-90.048 260.715 214.192-173.789 90.050-260.712-214.194 173.786z"
        ],
        "attrs": [
          {},
          {}
        ],
        "isMulticolor": false,
        "isMulticolor2": false,
        "tags": [
          "compass",
          "guide",
          "direction"
        ],
        "grid": 20
      },
      "attrs": [
        {},
        {}
      ],
      "properties": {
        "order": 1,
        "id": 14,
        "name": "compass",
        "prevSize": 20,
        "code": 59649
      },
      "setIdx": 1,
      "setId": 0,
      "iconIdx": 8
    },
    {
      "icon": {
        "paths": [
          "M947.2 870.4h-870.4c-42.347 0-76.8-34.451-76.8-76.8v-563.2c0-42.347 34.453-76.8 76.8-76.8h870.4c42.349 0 76.8 34.453 76.8 76.8v563.2c0 42.349-34.451 76.8-76.8 76.8zM76.8 204.8c-14.115 0-25.6 11.485-25.6 25.6v563.2c0 14.115 11.485 25.6 25.6 25.6h870.4c14.115 0 25.6-11.485 25.6-25.6v-563.2c0-14.115-11.485-25.6-25.6-25.6h-870.4z",
          "M435.232 716.8c-0.011-0.002-0.022-0.002-0.032 0h-256c-14.138 0-25.6-11.461-25.6-25.6 0-3.371 0.558-33.834 19.891-64.768 18.029-28.846 55.861-63.232 133.709-63.232s115.68 34.386 133.709 63.232c17.301 27.683 19.566 54.989 19.851 62.838 0.048 0.637 0.072 1.282 0.072 1.93 0 14.139-11.462 25.6-25.6 25.6zM210.786 665.6h192.83c-1.797-4.419-4.133-9.067-7.166-13.654-16.483-24.914-46.509-37.546-89.25-37.546s-72.766 12.632-89.248 37.546c-3.035 4.587-5.37 9.235-7.166 13.654z",
          "M844.8 409.6h-256c-14.139 0-25.6-11.461-25.6-25.6s11.461-25.6 25.6-25.6h256c14.139 0 25.6 11.461 25.6 25.6s-11.461 25.6-25.6 25.6z",
          "M793.6 512h-204.8c-14.139 0-25.6-11.461-25.6-25.6s11.461-25.6 25.6-25.6h204.8c14.139 0 25.6 11.461 25.6 25.6s-11.461 25.6-25.6 25.6z",
          "M793.6 614.4h-204.8c-14.139 0-25.6-11.461-25.6-25.6s11.461-25.6 25.6-25.6h204.8c14.139 0 25.6 11.461 25.6 25.6s-11.461 25.6-25.6 25.6z",
          "M307.2 512c-56.464 0-102.4-45.936-102.4-102.4s45.936-102.4 102.4-102.4 102.4 45.936 102.4 102.4c0 56.464-45.936 102.4-102.4 102.4zM307.2 358.4c-28.232 0-51.2 22.968-51.2 51.2s22.968 51.2 51.2 51.2 51.2-22.968 51.2-51.2-22.968-51.2-51.2-51.2z",
          "M844.8 716.8h-256c-14.139 0-25.6-11.461-25.6-25.6s11.461-25.6 25.6-25.6h256c14.139 0 25.6 11.461 25.6 25.6s-11.461 25.6-25.6 25.6z"
        ],
        "attrs": [
          {},
          {},
          {},
          {},
          {},
          {},
          {}
        ],
        "isMulticolor": false,
        "isMulticolor2": false,
        "tags": [
          "profile",
          "card",
          "vcard",
          "account"
        ],
        "grid": 20
      },
      "attrs": [
        {},
        {},
        {},
        {},
        {},
        {},
        {}
      ],
      "properties": {
        "order": 1,
        "id": 13,
        "name": "profile-card",
        "prevSize": 20,
        "code": 59650
      },
      "setIdx": 1,
      "setId": 0,
      "iconIdx": 9
    },
    {
      "icon": {
        "paths": [
          "M793.605 1024.002c-7.331 0-14.482-3.155-19.442-8.941l-287.763-335.723-287.763 335.723c-6.971 8.131-18.269 11.067-28.318 7.349-10.048-3.715-16.718-13.298-16.718-24.010v-921.6c0-14.138 11.462-25.6 25.6-25.6h614.4c14.139 0 25.6 11.462 25.6 25.6v921.6c0 10.712-6.67 20.294-16.718 24.010-2.899 1.074-5.904 1.592-8.877 1.592zM486.4 614.4c7.474 0 14.573 3.266 19.437 8.939l262.163 305.858v-826.797h-563.2v826.797l262.163-305.858c4.864-5.674 11.963-8.939 19.437-8.939z"
        ],
        "attrs": [
          {}
        ],
        "isMulticolor": false,
        "isMulticolor2": false,
        "tags": [
          "bookmark",
          "ribbon"
        ],
        "grid": 20
      },
      "attrs": [
        {}
      ],
      "properties": {
        "order": 1,
        "id": 12,
        "name": "bookmark",
        "prevSize": 20,
        "code": 59651
      },
      "setIdx": 1,
      "setId": 0,
      "iconIdx": 10
    },
    {
      "icon": {
        "paths": [
          "M390.71 1008.755c-2.109 0-4.248-0.262-6.378-0.81-45.976-11.803-90.149-30.042-131.291-54.21-11.923-7.003-16.13-22.21-9.501-34.344 8.15-14.925 12.459-31.866 12.459-48.992 0-56.464-45.936-102.4-102.4-102.4-17.125 0-34.066 4.309-48.992 12.459-12.133 6.627-27.339 2.421-34.342-9.501-24.17-41.142-42.408-85.315-54.211-131.293-3.333-12.989 3.92-26.349 16.629-30.629 41.699-14.037 69.717-53.034 69.717-97.037s-28.018-83-69.718-97.040c-12.707-4.278-19.962-17.638-16.627-30.627 11.803-45.976 30.042-90.149 54.211-131.291 7.003-11.923 22.21-16.13 34.344-9.501 14.923 8.15 31.864 12.459 48.99 12.459 56.464 0 102.4-45.936 102.4-102.4 0-17.126-4.309-34.067-12.459-48.99-6.629-12.134-2.422-27.341 9.501-34.344 41.141-24.168 85.314-42.408 131.291-54.211 12.994-3.334 26.349 3.92 30.627 16.627 14.040 41.701 53.037 69.718 97.040 69.718s83-28.018 97.038-69.717c4.28-12.71 17.645-19.965 30.629-16.629 45.976 11.802 90.15 30.042 131.293 54.211 11.922 7.003 16.128 22.208 9.501 34.342-8.152 14.926-12.461 31.867-12.461 48.992 0 56.464 45.936 102.4 102.4 102.4 17.126 0 34.067-4.309 48.992-12.459 12.138-6.629 27.341-2.421 34.344 9.501 24.166 41.141 42.406 85.314 54.21 131.291 3.334 12.989-3.918 26.349-16.627 30.627-41.701 14.040-69.718 53.037-69.718 97.040s28.018 83 69.718 97.038c12.707 4.28 19.962 17.638 16.627 30.629-11.803 45.976-30.042 90.15-54.21 131.291-7.005 11.925-22.208 16.128-34.344 9.502-14.926-8.152-31.867-12.461-48.992-12.461-56.464 0-102.4 45.936-102.4 102.4 0 17.125 4.309 34.066 12.461 48.992 6.627 12.136 2.421 27.341-9.502 34.344-41.141 24.166-85.314 42.406-131.291 54.21-12.992 3.336-26.349-3.918-30.629-16.627-14.038-41.701-53.035-69.718-97.038-69.718s-83 28.018-97.040 69.718c-3.578 10.624-13.502 17.437-24.25 17.437zM512 870.4c57.715 0 109.693 32.138 135.917 82.029 26.637-8.218 52.507-18.875 77.299-31.846-5.541-16.077-8.416-33.075-8.416-50.182 0-84.696 68.904-153.6 153.6-153.6 17.107 0 34.106 2.875 50.181 8.418 12.971-24.792 23.63-50.662 31.846-77.299-49.89-26.226-82.027-78.203-82.027-135.918s32.138-109.691 82.029-135.918c-8.218-26.637-18.875-52.506-31.846-77.299-16.077 5.542-33.074 8.418-50.182 8.418-84.696 0-153.6-68.904-153.6-153.6 0-17.107 2.875-34.106 8.418-50.181-24.792-12.971-50.662-23.63-77.299-31.846-26.226 49.89-78.203 82.027-135.918 82.027s-109.691-32.138-135.917-82.027c-26.637 8.216-52.507 18.874-77.299 31.846 5.542 16.075 8.416 33.072 8.416 50.181 0 84.696-68.904 153.6-153.6 153.6-17.109 0-34.106-2.874-50.181-8.418-12.973 24.794-23.63 50.662-31.846 77.299 49.89 26.227 82.027 78.203 82.027 135.918s-32.138 109.693-82.027 135.917c8.216 26.637 18.875 52.507 31.846 77.299 16.075-5.541 33.074-8.416 50.181-8.416 84.696 0 153.6 68.904 153.6 153.6 0 17.109-2.875 34.106-8.418 50.181 24.794 12.971 50.662 23.63 77.299 31.846 26.227-49.89 78.203-82.027 135.918-82.027z",
          "M512 665.6c-84.696 0-153.6-68.904-153.6-153.6s68.904-153.6 153.6-153.6 153.6 68.904 153.6 153.6-68.904 153.6-153.6 153.6zM512 409.6c-56.464 0-102.4 45.936-102.4 102.4s45.936 102.4 102.4 102.4c56.464 0 102.4-45.936 102.4-102.4s-45.936-102.4-102.4-102.4z"
        ],
        "attrs": [
          {},
          {}
        ],
        "isMulticolor": false,
        "isMulticolor2": false,
        "tags": [
          "cog",
          "gear",
          "preferences",
          "settings",
          "generate",
          "control",
          "options"
        ],
        "grid": 20
      },
      "attrs": [
        {},
        {}
      ],
      "properties": {
        "order": 2,
        "id": 11,
        "name": "gear",
        "prevSize": 20,
        "code": 59652
      },
      "setIdx": 1,
      "setId": 0,
      "iconIdx": 11
    },
    {
      "icon": {
        "paths": [
          "M793.598 972.8c-4.205 0-8.422-1.034-12.258-3.126l-269.341-146.912-269.341 146.912c-8.598 4.691-19.118 4.061-27.098-1.613-7.981-5.677-12.022-15.41-10.413-25.069l49.034-294.206-195.483-195.485c-6.781-6.781-9.203-16.782-6.277-25.914s10.712-15.862 20.17-17.438l294.341-49.058 122.17-244.339c4.336-8.674 13.2-14.152 22.898-14.152s18.562 5.478 22.898 14.152l122.17 244.339 294.341 49.058c9.459 1.576 17.243 8.307 20.17 17.438s0.504 19.133-6.277 25.914l-195.483 195.485 49.034 294.206c1.61 9.659-2.434 19.392-10.413 25.069-4.419 3.144-9.621 4.739-14.84 4.739zM512 768c4.219 0 8.437 1.042 12.259 3.126l235.445 128.426-42.557-255.344c-1.36-8.155 1.302-16.464 7.15-22.309l169.626-169.626-258.131-43.022c-8.080-1.346-15.027-6.477-18.69-13.803l-105.102-210.205-105.102 210.205c-3.664 7.326-10.61 12.458-18.69 13.803l-258.131 43.022 169.624 169.626c5.846 5.845 8.509 14.155 7.15 22.309l-42.557 255.344 235.446-128.426c3.821-2.085 8.040-3.126 12.259-3.126z"
        ],
        "attrs": [
          {}
        ],
        "isMulticolor": false,
        "isMulticolor2": false,
        "tags": [
          "star",
          "rating",
          "favorite"
        ],
        "grid": 20
      },
      "attrs": [
        {}
      ],
      "properties": {
        "order": 1,
        "id": 10,
        "name": "star",
        "prevSize": 20,
        "code": 59653
      },
      "setIdx": 1,
      "setId": 0,
      "iconIdx": 12
    },
    {
      "icon": {
        "paths": [
          "M639.8 866.547c-5.678 0-19.402-1.902-28.267-18.891-2.955-5.664-5.341-12.846-7.293-21.957l-120.827-563.858-112.445 412.298c-9.051 33.19-27.904 39.147-38.336 39.744-10.44 0.57-29.84-3.173-42.618-35.114l-59.614-149.040-8.414 21.038c-14.274 35.682-55.557 63.632-93.986 63.632h-102.4c-14.138 0-25.6-11.461-25.6-25.6s11.462-25.6 25.6-25.6h102.4c17.725 0 39.864-14.987 46.446-31.445l13.168-32.923c12.427-31.064 32.139-35.702 42.786-35.702s30.358 4.638 42.784 35.701l55.016 137.541 120.030-440.112c8.966-32.882 25.622-39.387 38.069-39.034 12.418 0.342 28.717 7.746 35.859 41.074l116.976 545.886 68.12-340.6c6.798-33.995 25.149-40.992 35.482-42.138 10.339-1.147 29.771 1.662 43.85 33.344l60.813 136.824c7.349 16.53 30.512 31.584 48.602 31.584h102.4c14.139 0 25.6 11.461 25.6 25.6s-11.461 25.6-25.6 25.6h-102.4c-38.040 0-79.939-27.23-95.387-61.99l-48.901-110.027-76.566 382.832c-1.827 9.136-4.114 16.35-6.992 22.054-8.718 17.285-22.611 19.238-28.178 19.277-0.059 0-0.117 0.002-0.176 0.002z"
        ],
        "attrs": [
          {}
        ],
        "isMulticolor": false,
        "isMulticolor2": false,
        "tags": [
          "pulse",
          "health",
          "signal",
          "heart-rate"
        ],
        "grid": 20
      },
      "attrs": [
        {}
      ],
      "properties": {
        "order": 2,
        "id": 9,
        "name": "pulse",
        "prevSize": 20,
        "code": 59654
      },
      "setIdx": 1,
      "setId": 0,
      "iconIdx": 13
    },
    {
      "icon": {
        "paths": [
          "M874.038 149.962c-96.704-96.704-225.278-149.962-362.038-149.962s-265.334 53.258-362.038 149.962c-96.704 96.704-149.962 225.278-149.962 362.038s53.258 265.334 149.962 362.038c96.704 96.704 225.278 149.962 362.038 149.962s265.334-53.258 362.038-149.962c96.704-96.704 149.962-225.278 149.962-362.038s-53.258-265.334-149.962-362.038zM941.918 346.178c-9.989-17.987-35.050-26.512-67.853-37.661-35.182-11.957-47.608-48.122-61.994-89.997-12.49-36.35-25.398-73.874-56.069-97.238 83.898 52.584 149.733 131.406 185.915 224.896zM798.235 521.757c3.872 34.683 7.875 70.546-35.163 118.874-11.629 13.056-18.44 31.238-25.653 50.49-16.701 44.582-32.486 86.709-99.642 87.325-1.882-2.262-7.242-10.734-11.981-37.533-4.366-24.698-6.886-56.606-9.555-90.389-4.093-51.834-8.731-110.582-21.544-159.32-16.382-62.325-43.867-99.141-84.026-112.554-17.522-5.853-35.411-8.698-54.693-8.698-14.211 0-27.125 1.522-38.517 2.864-8.875 1.045-17.258 2.034-24.341 2.034 0 0-0.002 0-0.003 0-11.987 0-25.573 0-42.278-38.29-24.021-55.053-6.304-143.267 64.202-189.787 38.661-25.509 65.336-36.392 89.2-36.392 19.026 0 39.581 6.622 68.73 22.146 34.418 18.33 61.379 20.68 81.026 20.68 7.789 0 14.85-0.419 21.682-0.826 5.726-0.339 11.134-0.661 16.139-0.661 11.259 0 20.387 1.467 31.088 8.776 19.723 13.472 29.936 43.195 40.747 74.664 16.392 47.715 34.973 101.798 93.941 121.837 7.925 2.693 21.576 7.333 31.216 11.366-8.328 8.608-22.285 21.067-35.92 33.24-8.808 7.862-18.789 16.773-29.851 26.858-31.965 29.133-28.16 63.221-24.803 93.296zM51.25 508.070c5.52 0.992 11.493 2.141 17.605 3.446 28.776 6.141 42.235 11.686 48.117 14.798-2.706 5.277-8.187 13.056-11.81 18.195-12.669 17.976-28.435 40.349-22.437 64.984 4.046 16.618 0.632 37.032-5.248 55.883-16.994-48.005-26.277-99.624-26.277-153.378 0-1.314 0.038-2.618 0.050-3.93zM512 972.8c-175.379 0-328.173-98.494-406.014-243.062 13.422-25.554 38.314-82.054 26.68-131.547 0.806-4.97 9.248-16.95 14.349-24.186 13.874-19.688 31.141-44.189 18.35-70.152-8.976-18.222-32.957-30.534-80.181-41.17-10.939-2.464-21.594-4.47-30.65-6.019 27.424-228.090 222.107-405.464 457.466-405.464 80.776 0 156.749 20.918 222.83 57.582-16.33-7.134-31.154-8.266-43.014-8.266-6.523 0-12.957 0.382-19.176 0.752-6.085 0.362-12.374 0.734-18.645 0.734-14.542 0-32.682-1.742-56.958-14.67-37.056-19.734-64.808-28.155-92.795-28.155-34.635 0-69.744 13.414-117.397 44.856-41.197 27.181-72.229 68.779-87.381 117.133-14.779 47.166-13.2 95.418 4.448 135.867 20.824 47.728 48.336 69.013 89.203 69.014 0.003 0 0.003 0 0.006 0 10.090 0 19.923-1.158 30.333-2.386 10.482-1.235 21.32-2.512 32.525-2.512 13.869 0 26.094 1.926 38.472 6.061 22.488 7.512 39.082 32.701 50.728 77.008 11.648 44.31 16.098 100.638 20.021 150.334 3.274 41.454 6.366 80.61 13.176 110.126 4.136 17.923 9.494 31.538 16.379 41.621 10.283 15.058 25.032 23.35 41.526 23.35 45.269 0 81.429-14.594 107.47-43.374 21.659-23.934 32.722-53.466 41.613-77.194 5.245-14.003 10.67-28.482 15.941-34.402 58.219-65.373 52.203-119.258 47.813-158.603-3.226-28.888-3.285-39.123 8.408-49.781 10.864-9.904 20.741-18.722 29.454-26.499 18.568-16.576 31.984-28.554 41.397-38.83 6.464-7.058 21.603-23.584 17.395-44.28-0.037-0.184-0.088-0.358-0.126-0.539 17.558 48.701 27.154 101.174 27.154 155.851 0 254.086-206.714 460.8-460.8 460.8z"
        ],
        "attrs": [
          {}
        ],
        "isMulticolor": false,
        "isMulticolor2": false,
        "tags": [
          "earth",
          "globe",
          "international",
          "language"
        ],
        "grid": 20
      },
      "attrs": [
        {}
      ],
      "properties": {
        "order": 1,
        "id": 8,
        "name": "planet-earth",
        "prevSize": 20,
        "code": 59655
      },
      "setIdx": 1,
      "setId": 0,
      "iconIdx": 14
    },
    {
      "icon": {
        "paths": [
          "M1007.382 225.994c-20.317-35.198-59.25-58.418-112.589-67.147-45.23-7.405-99.898-4.826-162.597 7.629-65.168-41.712-140.962-64.075-220.197-64.075-109.408 0-212.267 42.606-289.632 119.968-77.362 77.365-119.968 180.224-119.968 289.632 0 5.949 0.15 11.875 0.4 17.781-42.197 48.12-71.806 94.219-88.029 137.136-19.114 50.563-18.475 95.896 1.846 131.098 27.019 46.789 85.194 71.203 167.010 71.202 22.933 0 47.726-1.918 74.208-5.8 11.136-1.632 22.475-3.603 33.984-5.88 65.165 41.704 140.952 64.064 220.181 64.064 109.408 0 212.269-42.606 289.632-119.968s119.968-180.224 119.968-289.632c0-5.944-0.15-11.864-0.4-17.765 7.774-8.878 15.198-17.766 22.221-26.645 75.832-95.891 98.547-181.693 63.962-241.597zM512 153.6c185.518 0 338.562 141.69 356.611 322.538-66.051 71.213-156.85 141.566-260.896 201.637-103.974 60.032-210.229 103.469-304.877 125.082-90.323-65.138-149.238-171.238-149.238-290.856 0-197.622 160.778-358.4 358.4-358.4zM60.958 772.413c-22.050-38.194-3.037-100.832 50.837-172.634 16.49 75.902 54.338 145.619 110.573 201.853 4.466 4.464 9.024 8.8 13.654 13.032-89.746 10.805-153.173-4.341-175.064-42.251zM512 870.4c-52.021 0-101.48-11.154-146.133-31.171 85.674-25.16 177.579-65.226 267.45-117.112 89.89-51.898 170.55-111.472 235.181-173.101-18.584 180.294-171.373 321.384-356.498 321.384zM801.632 222.368c-4.47-4.47-9.034-8.811-13.672-13.048 89.208-10.797 153.022 4.054 175.082 42.269 21.877 37.891 3.317 100.342-50.84 172.606-16.496-75.891-54.341-145.597-110.57-201.827z"
        ],
        "attrs": [
          {}
        ],
        "isMulticolor": false,
        "isMulticolor2": false,
        "tags": [
          "planet",
          "globe"
        ],
        "grid": 20
      },
      "attrs": [
        {}
      ],
      "properties": {
        "order": 2,
        "id": 7,
        "name": "planet-ringed",
        "prevSize": 20,
        "code": 59656
      },
      "setIdx": 1,
      "setId": 0,
      "iconIdx": 15
    },
    {
      "icon": {
        "paths": [
          "M830.336 193.664c-91.869-91.869-214.014-142.464-343.936-142.464s-252.067 50.595-343.936 142.464-142.464 214.013-142.464 343.936c0 129.922 50.595 252.067 142.464 343.936s214.014 142.464 343.936 142.464 252.067-50.594 343.936-142.464c91.87-91.869 142.464-214.014 142.464-343.936s-50.594-252.067-142.464-343.936zM767.614 512c-1.614-54.861-8.397-108.077-19.944-157.834 18.349 7.445 35.786 15.712 52.131 24.792 67.035 37.242 108.341 83.742 119.011 133.042h-151.198zM716.387 512h-204.387v-204.387c62.846 1.954 123.118 11.086 177.706 26.682 15.595 54.587 24.728 114.859 26.682 177.706zM512 256.386v-151.2c49.299 10.672 95.798 51.976 133.040 119.011 9.082 16.346 17.349 33.784 24.792 52.131-49.755-11.546-102.971-18.328-157.832-19.942zM460.8 105.187v151.2c-54.861 1.613-108.077 8.397-157.834 19.942 7.445-18.347 15.712-35.786 24.792-52.131 37.242-67.035 83.742-108.341 133.042-119.011zM460.8 307.613v204.387h-204.387c1.954-62.846 11.086-123.118 26.682-177.706 54.587-15.597 114.859-24.728 177.706-26.682zM205.186 512h-151.2c10.67-49.299 51.976-95.8 119.011-133.042 16.346-9.080 33.784-17.347 52.131-24.792-11.546 49.757-18.328 102.973-19.942 157.834zM205.186 563.2c1.613 54.861 8.397 108.077 19.942 157.834-18.347-7.443-35.786-15.71-52.131-24.792-67.034-37.243-108.338-83.742-119.010-133.042h151.198zM256.413 563.2h204.387v204.387c-62.846-1.954-123.118-11.086-177.706-26.682-15.597-54.587-24.728-114.861-26.682-177.706zM460.8 818.814v151.198c-49.299-10.67-95.8-51.973-133.042-119.010-9.082-16.346-17.349-33.784-24.794-52.133 49.758 11.547 102.974 18.33 157.835 19.944zM512 970.013v-151.198c54.861-1.614 108.077-8.397 157.834-19.944-7.443 18.349-15.71 35.787-24.792 52.133-37.243 67.035-83.742 108.339-133.042 119.010zM512 767.587v-204.387h204.387c-1.954 62.845-11.086 123.118-26.682 177.706-54.587 15.595-114.859 24.728-177.706 26.682zM767.614 563.2h151.198c-10.67 49.299-51.974 95.798-119.011 133.040-16.346 9.082-33.782 17.349-52.13 24.792 11.546-49.755 18.328-102.971 19.942-157.832zM892.512 381.195c-19.362-16.886-42.019-32.645-67.845-46.994-28.654-15.92-60.242-29.574-94.053-40.818-11.242-33.81-24.899-65.397-40.818-94.051-14.349-25.827-30.106-48.485-46.994-67.846 114.358 44.194 205.517 135.352 249.709 249.709zM329.995 131.488c-16.886 19.36-32.645 42.019-46.994 67.845-15.92 28.654-29.574 60.242-40.818 94.051-33.81 11.243-65.397 24.899-94.051 40.818-25.826 14.347-48.485 30.107-67.845 46.994 44.192-114.357 135.35-205.515 249.707-249.707zM80.286 694.003c19.362 16.888 42.019 32.645 67.846 46.994 28.654 15.918 60.242 29.574 94.051 40.818 11.243 33.811 24.899 65.398 40.818 94.053 14.347 25.827 30.107 48.485 46.994 67.845-114.357-44.192-205.515-135.35-249.709-249.709zM642.803 943.712c16.888-19.36 32.645-42.019 46.994-67.845 15.92-28.654 29.574-60.242 40.819-94.053 33.81-11.242 65.397-24.899 94.051-40.818 25.827-14.349 48.486-30.106 67.845-46.994-44.192 114.358-135.35 205.517-249.709 249.709z"
        ],
        "attrs": [
          {}
        ],
        "isMulticolor": false,
        "isMulticolor2": false,
        "tags": [
          "network",
          "globe"
        ],
        "grid": 20
      },
      "attrs": [
        {}
      ],
      "properties": {
        "order": 3,
        "id": 6,
        "name": "globe",
        "prevSize": 20,
        "code": 59657
      },
      "setIdx": 1,
      "setId": 0,
      "iconIdx": 16
    },
    {
      "icon": {
        "paths": [
          "M978.099 45.898c-28.768-28.768-67.016-44.611-107.699-44.611-40.685 0-78.933 15.843-107.699 44.611l-499.2 499.2c-2.645 2.645-4.678 5.837-5.957 9.357l-102.4 281.6c-3.4 9.347-1.077 19.818 5.957 26.848 4.885 4.89 11.43 7.501 18.104 7.501 2.933 0 5.891-0.501 8.744-1.541l281.6-102.4c3.515-1.28 6.709-3.312 9.354-5.96l499.2-499.2c28.766-28.768 44.614-67.018 44.614-107.702-0.003-40.686-15.846-78.934-44.618-107.702zM446.714 720.283l-224.709 81.71 81.712-224.706 413.083-413.085 142.997 142.997-413.083 413.083zM941.901 225.098l-45.901 45.899-142.997-142.997 45.901-45.899c19.096-19.098 44.488-29.614 71.496-29.614s52.4 10.518 71.501 29.616c19.096 19.098 29.614 44.49 29.614 71.498s-10.52 52.4-29.614 71.498z",
          "M896 1024h-819.2c-42.347 0-76.8-34.451-76.8-76.8v-819.2c0-42.347 34.453-76.8 76.8-76.8h512c14.139 0 25.6 11.462 25.6 25.6s-11.461 25.6-25.6 25.6h-512c-14.115 0-25.6 11.485-25.6 25.6v819.2c0 14.115 11.485 25.6 25.6 25.6h819.2c14.115 0 25.6-11.485 25.6-25.6v-512c0-14.138 11.461-25.6 25.6-25.6s25.6 11.462 25.6 25.6v512c0 42.349-34.451 76.8-76.8 76.8z"
        ],
        "attrs": [
          {},
          {}
        ],
        "isMulticolor": false,
        "isMulticolor2": false,
        "tags": [
          "pencil",
          "write",
          "edit"
        ],
        "grid": 20
      },
      "attrs": [
        {},
        {}
      ],
      "properties": {
        "order": 1,
        "id": 5,
        "name": "edit",
        "prevSize": 20,
        "code": 59658
      },
      "setIdx": 1,
      "setId": 0,
      "iconIdx": 17
    },
    {
      "icon": {
        "paths": [
          "M914.101 289.099l-230.4-230.4c-4.8-4.802-11.312-7.499-18.101-7.499h-486.4c-42.347 0-76.8 34.453-76.8 76.8v819.2c0 42.349 34.453 76.8 76.8 76.8h665.6c42.349 0 76.8-34.451 76.8-76.8v-640c0-6.79-2.698-13.301-7.499-18.101zM859.797 307.2h-168.597c-14.115 0-25.6-11.485-25.6-25.6v-168.597l194.197 194.197zM844.8 972.8h-665.6c-14.115 0-25.6-11.485-25.6-25.6v-819.2c0-14.115 11.485-25.6 25.6-25.6h435.2v179.2c0 42.347 34.451 76.8 76.8 76.8h179.2v588.8c0 14.115-11.485 25.6-25.6 25.6z",
          "M588.8 665.6h-128v-128c0-14.139-11.462-25.6-25.6-25.6s-25.6 11.461-25.6 25.6v128h-128c-14.138 0-25.6 11.461-25.6 25.6s11.462 25.6 25.6 25.6h128v128c0 14.139 11.462 25.6 25.6 25.6s25.6-11.461 25.6-25.6v-128h128c14.139 0 25.6-11.461 25.6-25.6s-11.461-25.6-25.6-25.6z"
        ],
        "attrs": [
          {},
          {}
        ],
        "isMulticolor": false,
        "isMulticolor2": false,
        "tags": [
          "file-add",
          "file"
        ],
        "grid": 20
      },
      "attrs": [
        {},
        {}
      ],
      "properties": {
        "order": 1,
        "id": 4,
        "name": "file-add",
        "prevSize": 20,
        "code": 59659
      },
      "setIdx": 1,
      "setId": 0,
      "iconIdx": 18
    },
    {
      "icon": {
        "paths": [
          "M914.101 289.099l-230.4-230.4c-4.8-4.802-11.312-7.499-18.101-7.499h-486.4c-42.347 0-76.8 34.453-76.8 76.8v819.2c0 42.349 34.453 76.8 76.8 76.8h665.6c42.349 0 76.8-34.451 76.8-76.8v-640c0-6.79-2.698-13.301-7.499-18.101zM859.797 307.2h-168.597c-14.115 0-25.6-11.485-25.6-25.6v-168.597l194.197 194.197zM870.4 947.2c0 14.115-11.485 25.6-25.6 25.6h-665.6c-14.115 0-25.6-11.485-25.6-25.6v-819.2c0-14.115 11.485-25.6 25.6-25.6h435.2v179.2c0 42.347 34.451 76.8 76.8 76.8h179.2v588.8z"
        ],
        "attrs": [
          {}
        ],
        "isMulticolor": false,
        "isMulticolor2": false,
        "tags": [
          "file-empty",
          "file",
          "paper",
          "new"
        ],
        "grid": 20
      },
      "attrs": [
        {}
      ],
      "properties": {
        "order": 2,
        "id": 3,
        "name": "file",
        "prevSize": 20,
        "code": 59660
      },
      "setIdx": 1,
      "setId": 0,
      "iconIdx": 19
    },
    {
      "icon": {
        "paths": [
          "M537.597 819.203c-42.349 0-76.803-34.453-76.803-76.803s34.454-76.803 76.803-76.803c42.35 0 76.803 34.453 76.803 76.803s-34.453 76.803-76.803 76.803zM537.597 716.797c-14.117 0-25.603 11.486-25.603 25.603s11.486 25.603 25.603 25.603 25.603-11.486 25.603-25.603-11.486-25.603-25.603-25.603z",
          "M361.125 663.97c-4.427 0-8.912-1.15-13-3.566-12.171-7.192-16.208-22.891-9.016-35.062 20.019-33.88 48.568-62.266 82.558-82.091 35.056-20.446 75.142-31.253 115.931-31.253s80.875 10.806 115.93 31.251c33.99 19.826 62.539 48.211 82.558 82.091 7.194 12.171 3.157 27.87-9.016 35.062-12.173 7.195-27.87 3.16-35.062-9.016-32.144-54.397-91.31-88.189-154.41-88.189s-122.266 33.792-154.408 88.19c-4.779 8.086-13.31 12.582-22.066 12.582z",
          "M824.667 553.362c-7.79 0-15.482-3.541-20.51-10.254-63.547-84.846-160.702-133.509-266.56-133.509s-203.014 48.661-266.56 133.507c-8.478 11.314-24.523 13.616-35.837 5.144-11.317-8.477-13.619-24.52-5.144-35.837 35.021-46.758 80.952-85.504 132.829-112.053 54.41-27.843 113.192-41.962 174.712-41.962 61.522 0 120.302 14.118 174.712 41.963 51.877 26.547 97.808 65.296 132.829 112.053 8.475 11.317 6.171 27.362-5.144 35.837-4.603 3.446-9.987 5.11-15.326 5.11z",
          "M934.056 443.968c-7.414 0.002-14.766-3.203-19.829-9.387-92.874-113.493-230.152-178.584-376.632-178.584-146.478 0-283.754 65.091-376.629 178.581-8.957 10.942-25.083 12.552-36.024 3.6-10.942-8.955-12.554-25.083-3.6-36.026 102.637-125.422 254.355-197.357 416.251-197.357 161.898 0 313.618 71.934 416.256 197.36 8.954 10.942 7.342 27.070-3.6 36.026-4.752 3.893-10.491 5.787-16.194 5.787z"
        ],
        "attrs": [
          {},
          {},
          {},
          {}
        ],
        "isMulticolor": false,
        "isMulticolor2": false,
        "tags": [
          "wifi",
          "connection"
        ],
        "grid": 20
      },
      "attrs": [
        {},
        {},
        {},
        {}
      ],
      "properties": {
        "order": 1,
        "id": 2,
        "prevSize": 20,
        "code": 59661,
        "name": "wifi"
      },
      "setIdx": 1,
      "setId": 0,
      "iconIdx": 20
    },
    {
      "icon": {
        "paths": [
          "M537.597 819.203c-42.349 0-76.803-34.453-76.803-76.803s34.454-76.803 76.803-76.803c42.35 0 76.803 34.453 76.803 76.803s-34.453 76.803-76.803 76.803zM537.597 716.797c-14.117 0-25.603 11.486-25.603 25.603s11.486 25.603 25.603 25.603 25.603-11.486 25.603-25.603-11.486-25.603-25.603-25.603z",
          "M714.069 663.966c-8.757 0-17.285-4.496-22.062-12.579-9.613-16.266-21.686-30.867-35.885-43.402-10.6-9.357-11.608-25.534-2.251-36.133 9.358-10.603 25.536-11.606 36.133-2.251 18.23 16.091 33.734 34.843 46.082 55.736 7.194 12.171 3.158 27.87-9.014 35.064-4.088 2.416-8.573 3.565-13.002 3.565z",
          "M486.376 569.658c-11.402 0-21.8-7.672-24.773-19.226-3.525-13.691 4.717-27.648 18.41-31.173 37.432-9.634 77.73-9.637 115.171 0 13.693 3.523 21.936 17.48 18.413 31.171-3.523 13.694-17.493 21.931-31.171 18.413-29.114-7.493-60.549-7.494-89.648 0-2.142 0.55-4.29 0.814-6.402 0.814z",
          "M361.125 663.97c-4.427 0-8.912-1.15-13-3.566-12.171-7.192-16.208-22.891-9.016-35.062 12.347-20.896 27.853-39.646 46.086-55.738 10.602-9.355 26.779-8.344 36.133 2.258 9.355 10.6 8.344 26.778-2.258 36.133-14.2 12.53-26.272 27.13-35.883 43.394-4.776 8.086-13.307 12.582-22.062 12.582z",
          "M824.669 553.36c-7.789 0-15.482-3.541-20.509-10.254-26.003-34.715-57.995-63.648-95.085-85.992-12.109-7.296-16.013-23.029-8.717-35.139s23.026-16.018 35.139-8.717c42.771 25.768 79.661 59.128 109.64 99.155 8.477 11.315 6.174 27.362-5.142 35.835-4.602 3.448-9.987 5.112-15.326 5.112z",
          "M614.427 417.851c-1.81 0-3.646-0.192-5.488-0.594-46.558-10.166-96.152-10.163-142.678-0.003-13.805 3.014-27.456-5.734-30.472-19.549-3.018-13.814 5.734-27.456 19.549-30.474 53.691-11.722 110.802-11.728 164.528 0.003 13.813 3.018 22.565 16.659 19.549 30.474-2.618 11.973-13.216 20.142-24.987 20.142z",
          "M250.528 553.36c-5.339 0-10.725-1.664-15.326-5.11-11.317-8.477-13.619-24.52-5.144-35.837 29.966-40.011 66.846-73.366 109.614-99.139 12.109-7.298 27.842-3.397 35.139 8.714 7.298 12.109 3.397 27.842-8.714 35.139-37.086 22.349-69.069 51.277-95.061 85.979-5.029 6.712-12.722 10.254-20.509 10.254z",
          "M934.056 443.968c-7.414 0-14.766-3.203-19.829-9.387-42.912-52.44-97.467-96.248-157.765-126.685-12.622-6.371-17.69-21.766-11.317-34.389 6.368-12.621 21.762-17.691 34.389-11.318 67.584 34.115 126.234 81.206 174.317 139.966 8.954 10.942 7.342 27.070-3.6 36.026-4.755 3.893-10.493 5.787-16.195 5.787z",
          "M640.029 266.245c-1.688 0-3.4-0.166-5.118-0.517-63.618-12.914-130.987-12.915-194.618-0.002-13.854 2.814-27.368-6.142-30.179-19.997-2.813-13.856 6.141-27.368 19.997-30.179 70.32-14.27 144.682-14.269 214.986 0.002 13.856 2.813 22.81 16.325 19.997 30.181-2.466 12.138-13.141 20.512-25.064 20.512z",
          "M141.142 443.966c-5.702 0-11.44-1.896-16.198-5.789-10.941-8.954-12.552-25.083-3.598-36.024 48.090-58.765 106.738-105.854 174.317-139.966 12.624-6.37 28.019-1.302 34.389 11.318 6.37 12.622 1.302 28.019-11.318 34.39-60.293 30.434-114.846 74.238-157.765 126.683-5.061 6.184-12.413 9.387-19.826 9.387z"
        ],
        "attrs": [
          {},
          {},
          {},
          {},
          {},
          {},
          {},
          {},
          {},
          {}
        ],
        "isMulticolor": false,
        "isMulticolor2": false,
        "tags": [
          "wifi-low",
          "connection"
        ],
        "grid": 20
      },
      "attrs": [
        {},
        {},
        {},
        {},
        {},
        {},
        {},
        {},
        {},
        {}
      ],
      "properties": {
        "order": 2,
        "id": 1,
        "prevSize": 20,
        "code": 59662,
        "name": "wifi-low"
      },
      "setIdx": 1,
      "setId": 0,
      "iconIdx": 21
    },
    {
      "icon": {
        "paths": [
          "M537.597 819.203c-42.349 0-76.803-34.453-76.803-76.803s34.454-76.803 76.803-76.803c42.35 0 76.803 34.453 76.803 76.803s-34.453 76.803-76.803 76.803zM537.597 716.797c-14.117 0-25.603 11.486-25.603 25.603s11.486 25.603 25.603 25.603 25.603-11.486 25.603-25.603-11.486-25.603-25.603-25.603z",
          "M714.069 663.966c-8.757 0-17.285-4.496-22.062-12.579-9.613-16.266-21.686-30.867-35.885-43.402-10.6-9.357-11.608-25.534-2.251-36.133 9.358-10.603 25.536-11.606 36.133-2.251 18.23 16.091 33.734 34.843 46.082 55.736 7.194 12.171 3.158 27.87-9.014 35.064-4.088 2.416-8.573 3.565-13.002 3.565z",
          "M588.822 569.658c-2.112 0-4.259-0.262-6.398-0.814-14.557-3.746-29.637-5.645-44.827-5.645-14.139 0-25.6-11.461-25.6-25.6s11.461-25.6 25.6-25.6c19.491 0 38.866 2.442 57.586 7.261 13.693 3.523 21.936 17.48 18.413 31.171-2.973 11.554-13.373 19.227-24.773 19.227z",
          "M824.669 553.36c-7.789 0-15.482-3.541-20.509-10.254-26.003-34.715-57.995-63.648-95.085-85.992-12.109-7.296-16.013-23.029-8.717-35.139s23.026-16.018 35.139-8.717c42.771 25.768 79.661 59.128 109.64 99.155 8.477 11.315 6.174 27.362-5.142 35.835-4.602 3.448-9.987 5.112-15.326 5.112z",
          "M614.427 417.851c-1.81 0-3.646-0.192-5.486-0.594-23.278-5.083-47.282-7.661-71.344-7.661-14.139 0-25.6-11.461-25.6-25.6s11.461-25.6 25.6-25.6c27.73 0 55.408 2.973 82.266 8.838 13.814 3.018 22.566 16.659 19.55 30.474-2.616 11.973-13.214 20.142-24.986 20.142z",
          "M934.056 443.968c-7.414 0-14.766-3.203-19.829-9.387-42.912-52.44-97.467-96.248-157.765-126.685-12.622-6.371-17.69-21.766-11.317-34.389 6.368-12.621 21.762-17.691 34.389-11.318 67.584 34.115 126.234 81.206 174.317 139.966 8.954 10.942 7.342 27.070-3.6 36.026-4.755 3.893-10.493 5.787-16.195 5.787z",
          "M640.029 266.245c-1.688 0-3.4-0.166-5.118-0.517-63.618-12.914-130.987-12.915-194.618-0.002-13.854 2.814-27.368-6.142-30.179-19.997-2.813-13.856 6.141-27.368 19.997-30.179 70.32-14.27 144.682-14.269 214.986 0.002 13.856 2.813 22.81 16.325 19.997 30.181-2.466 12.138-13.141 20.512-25.064 20.512z",
          "M230.398 716.797c-127.042 0-230.398-103.357-230.398-230.398s103.357-230.398 230.398-230.398 230.398 103.357 230.398 230.398-103.357 230.398-230.398 230.398zM230.398 307.2c-98.81 0-179.198 80.387-179.198 179.198s80.389 179.198 179.198 179.198 179.198-80.387 179.198-179.198-80.389-179.198-179.198-179.198z",
          "M230.398 511.998c0 0 0.002 0 0 0-14.139 0-25.6-11.462-25.6-25.6l0.002-102.398c0-14.138 11.462-25.6 25.6-25.6 0 0 0 0 0 0 14.138 0 25.6 11.462 25.6 25.6l-0.002 102.398c0 14.138-11.462 25.6-25.6 25.6z",
          "M230.4 614.4c-6.736 0-13.328-2.736-18.096-7.504-4.768-4.752-7.504-11.36-7.504-18.096s2.736-13.344 7.504-18.098c4.768-4.766 11.36-7.502 18.096-7.502s13.328 2.736 18.096 7.502c4.768 4.754 7.504 11.362 7.504 18.098s-2.736 13.344-7.504 18.096c-4.768 4.768-11.36 7.504-18.096 7.504z"
        ],
        "attrs": [
          {},
          {},
          {},
          {},
          {},
          {},
          {},
          {},
          {},
          {}
        ],
        "isMulticolor": false,
        "isMulticolor2": false,
        "tags": [
          "wifi-alert-low",
          "connection"
        ],
        "grid": 20
      },
      "attrs": [
        {},
        {},
        {},
        {},
        {},
        {},
        {},
        {},
        {},
        {}
      ],
      "properties": {
        "order": 3,
        "id": 0,
        "prevSize": 20,
        "code": 59663,
        "name": "wifi-alert"
      },
      "setIdx": 1,
      "setId": 0,
      "iconIdx": 22
    }
  ],
  "height": 1024,
  "metadata": {
    "name": "icomoon"
  },
  "preferences": {
    "showGlyphs": true,
    "showCodes": true,
    "showQuickUse": true,
    "showQuickUse2": true,
    "showSVGs": true,
    "fontPref": {
      "prefix": "i-",
      "metadata": {
        "fontFamily": "icomoon",
        "majorVersion": 1,
        "minorVersion": 0
      },
      "metrics": {
        "emSize": 1024,
        "baseline": 6.25,
        "whitespace": 50
      },
      "embed": false,
      "noie8": true,
      "ie7": false,
      "showSelector": true,
      "selector": "i",
      "showMetrics": true,
      "showMetadata": true
    },
    "imagePref": {
      "prefix": "icon-",
      "png": true,
      "useClassSelector": true,
      "color": 0,
      "bgColor": 16777215,
      "classSelector": ".icon",
      "height": 32,
      "columns": 16,
      "margin": 16
    },
    "historySize": 50
  }
}